model,layers,sample,runtime_s,qubits,damping,threads,seed
native,1,0,0.004838716238737106,16,0.005,64,0
native,1,1,0.004444042220711708,16,0.005,64,0
native,1,2,0.004396047443151474,16,0.005,64,0
native,1,3,0.0043618157505989075,16,0.005,64,0
native,1,4,0.004430016502737999,16,0.005,64,0
native,1,5,0.004300389438867569,16,0.005,64,0
native,1,6,0.00460919551551342,16,0.005,64,0
C plugin,1,0,0.0043714940547943115,16,0.005,64,0
C plugin,1,1,0.00471506267786026,16,0.005,64,0
C plugin,1,2,0.004639560356736183,16,0.005,64,0
C plugin,1,3,0.004637805745005608,16,0.005,64,0
C plugin,1,4,0.00422973558306694,16,0.005,64,0
C plugin,1,5,0.003953773528337479,16,0.005,64,0
C plugin,1,6,0.004209807142615318,16,0.005,64,0
Rust plugin,1,0,0.004408014938235283,16,0.005,64,0
Rust plugin,1,1,0.004420656710863113,16,0.005,64,0
Rust plugin,1,2,0.0043594930320978165,16,0.005,64,0
Rust plugin,1,3,0.0045943353325128555,16,0.005,64,0
Rust plugin,1,4,0.004501739516854286,16,0.005,64,0
Rust plugin,1,5,0.004279430955648422,16,0.005,64,0
Rust plugin,1,6,0.0045141540467739105,16,0.005,64,0
AOT Julia plugin,1,0,0.004569888114929199,16,0.005,64,0
AOT Julia plugin,1,1,0.0044299643486738205,16,0.005,64,0
AOT Julia plugin,1,2,0.004566004499793053,16,0.005,64,0
AOT Julia plugin,1,3,0.004666462540626526,16,0.005,64,0
AOT Julia plugin,1,4,0.004780218005180359,16,0.005,64,0
AOT Julia plugin,1,5,0.004455221816897392,16,0.005,64,0
AOT Julia plugin,1,6,0.004202676936984062,16,0.005,64,0
native,2,0,0.007625214755535126,16,0.005,64,0
native,2,1,0.007593592628836632,16,0.005,64,0
native,2,2,0.007658317685127258,16,0.005,64,0
native,2,3,0.007867364212870598,16,0.005,64,0
native,2,4,0.0078100841492414474,16,0.005,64,0
native,2,5,0.00797252170741558,16,0.005,64,0
native,2,6,0.007721776142716408,16,0.005,64,0
C plugin,2,0,0.007754260674118996,16,0.005,64,0
C plugin,2,1,0.007529294118285179,16,0.005,64,0
C plugin,2,2,0.0074174050241708755,16,0.005,64,0
C plugin,2,3,0.007596902549266815,16,0.005,64,0
C plugin,2,4,0.00737994909286499,16,0.005,64,0
C plugin,2,5,0.00755951926112175,16,0.005,64,0
C plugin,2,6,0.007472135126590729,16,0.005,64,0
Rust plugin,2,0,0.00743727944791317,16,0.005,64,0
Rust plugin,2,1,0.00750848650932312,16,0.005,64,0
Rust plugin,2,2,0.007724722847342491,16,0.005,64,0
Rust plugin,2,3,0.00799698755145073,16,0.005,64,0
Rust plugin,2,4,0.0077264755964279175,16,0.005,64,0
Rust plugin,2,5,0.00734306126832962,16,0.005,64,0
Rust plugin,2,6,0.008191926404833794,16,0.005,64,0
AOT Julia plugin,2,0,0.008380621671676636,16,0.005,64,0
AOT Julia plugin,2,1,0.007954977452754974,16,0.005,64,0
AOT Julia plugin,2,2,0.007767664268612862,16,0.005,64,0
AOT Julia plugin,2,3,0.00809459201991558,16,0.005,64,0
AOT Julia plugin,2,4,0.007848083972930908,16,0.005,64,0
AOT Julia plugin,2,5,0.007855819538235664,16,0.005,64,0
AOT Julia plugin,2,6,0.0076901670545339584,16,0.005,64,0
native,3,0,0.012953348457813263,16,0.005,64,0
native,3,1,0.01345418393611908,16,0.005,64,0
native,3,2,0.012872742488980293,16,0.005,64,0
native,3,3,0.01303916797041893,16,0.005,64,0
native,3,4,0.01371527835726738,16,0.005,64,0
native,3,5,0.013229399919509888,16,0.005,64,0
native,3,6,0.013024784624576569,16,0.005,64,0
C plugin,3,0,0.012403657659888268,16,0.005,64,0
C plugin,3,1,0.013103973120450974,16,0.005,64,0
C plugin,3,2,0.012561796233057976,16,0.005,64,0
C plugin,3,3,0.014935452491044998,16,0.005,64,0
C plugin,3,4,0.01180480606853962,16,0.005,64,0
C plugin,3,5,0.012605942785739899,16,0.005,64,0
C plugin,3,6,0.013087362051010132,16,0.005,64,0
Rust plugin,3,0,0.01426604948937893,16,0.005,64,0
Rust plugin,3,1,0.012135572731494904,16,0.005,64,0
Rust plugin,3,2,0.013094263151288033,16,0.005,64,0
Rust plugin,3,3,0.012037847191095352,16,0.005,64,0
Rust plugin,3,4,0.014567999169230461,16,0.005,64,0
Rust plugin,3,5,0.013339398428797722,16,0.005,64,0
Rust plugin,3,6,0.013085460290312767,16,0.005,64,0
AOT Julia plugin,3,0,0.013060692697763443,16,0.005,64,0
AOT Julia plugin,3,1,0.013296997174620628,16,0.005,64,0
AOT Julia plugin,3,2,0.013541027903556824,16,0.005,64,0
AOT Julia plugin,3,3,0.013680851086974144,16,0.005,64,0
AOT Julia plugin,3,4,0.01278279721736908,16,0.005,64,0
AOT Julia plugin,3,5,0.01337980292737484,16,0.005,64,0
AOT Julia plugin,3,6,0.02166840247809887,16,0.005,64,0
native,4,0,0.0879660863429308,16,0.005,64,0
native,4,1,0.08798890747129917,16,0.005,64,0
native,4,2,0.0886490885168314,16,0.005,64,0
native,4,3,0.08837568014860153,16,0.005,64,0
native,4,4,0.08946214243769646,16,0.005,64,0
native,4,5,0.0882825143635273,16,0.005,64,0
native,4,6,0.09027515165507793,16,0.005,64,0
C plugin,4,0,0.09122220054268837,16,0.005,64,0
C plugin,4,1,0.089211730286479,16,0.005,64,0
C plugin,4,2,0.08983779326081276,16,0.005,64,0
C plugin,4,3,0.08935193531215191,16,0.005,64,0
C plugin,4,4,0.09414899721741676,16,0.005,64,0
C plugin,4,5,0.08990868739783764,16,0.005,64,0
C plugin,4,6,0.0889158807694912,16,0.005,64,0
Rust plugin,4,0,0.0906132310628891,16,0.005,64,0
Rust plugin,4,1,0.0904585961252451,16,0.005,64,0
Rust plugin,4,2,0.0910985879600048,16,0.005,64,0
Rust plugin,4,3,0.09096542559564114,16,0.005,64,0
Rust plugin,4,4,0.08944845572113991,16,0.005,64,0
Rust plugin,4,5,0.09097118675708771,16,0.005,64,0
Rust plugin,4,6,0.08946751244366169,16,0.005,64,0
AOT Julia plugin,4,0,0.08717632293701172,16,0.005,64,0
AOT Julia plugin,4,1,0.08858721144497395,16,0.005,64,0
AOT Julia plugin,4,2,0.08868744969367981,16,0.005,64,0
AOT Julia plugin,4,3,0.08761370182037354,16,0.005,64,0
AOT Julia plugin,4,4,0.08647694811224937,16,0.005,64,0
AOT Julia plugin,4,5,0.08766361512243748,16,0.005,64,0
AOT Julia plugin,4,6,0.08940611593425274,16,0.005,64,0
native,5,0,0.6570921558886766,16,0.005,64,0
native,5,1,0.6599332671612501,16,0.005,64,0
native,5,2,0.6807389799505472,16,0.005,64,0
native,5,3,0.6867123823612928,16,0.005,64,0
native,5,4,0.6897259410470724,16,0.005,64,0
native,5,5,0.7114475332200527,16,0.005,64,0
native,5,6,0.7096751611679792,16,0.005,64,0
C plugin,5,0,0.7018429767340422,16,0.005,64,0
C plugin,5,1,0.6920392103493214,16,0.005,64,0
C plugin,5,2,0.6890142746269703,16,0.005,64,0
C plugin,5,3,0.6928428914397955,16,0.005,64,0
C plugin,5,4,0.6933558434247971,16,0.005,64,0
C plugin,5,5,0.7099668569862843,16,0.005,64,0
C plugin,5,6,0.6782699432224035,16,0.005,64,0
Rust plugin,5,0,0.6846302766352892,16,0.005,64,0
Rust plugin,5,1,0.7092063575983047,16,0.005,64,0
Rust plugin,5,2,0.876035476103425,16,0.005,64,0
Rust plugin,5,3,0.6858216188848019,16,0.005,64,0
Rust plugin,5,4,0.6729961112141609,16,0.005,64,0
Rust plugin,5,5,0.7055518254637718,16,0.005,64,0
Rust plugin,5,6,0.669935205951333,16,0.005,64,0
AOT Julia plugin,5,0,0.7027903888374567,16,0.005,64,0
AOT Julia plugin,5,1,0.7078726664185524,16,0.005,64,0
AOT Julia plugin,5,2,0.7150985449552536,16,0.005,64,0
AOT Julia plugin,5,3,0.6997375953942537,16,0.005,64,0
AOT Julia plugin,5,4,0.7180914543569088,16,0.005,64,0
AOT Julia plugin,5,5,0.7077188435941935,16,0.005,64,0
AOT Julia plugin,5,6,0.7222448829561472,16,0.005,64,0
native,6,0,3.1315906047821045,16,0.005,64,0
native,6,1,3.1211230847984552,16,0.005,64,0
native,6,2,3.1145962048321962,16,0.005,64,0
native,6,3,3.1115709263831377,16,0.005,64,0
native,6,4,3.147284861654043,16,0.005,64,0
native,6,5,3.120140418410301,16,0.005,64,0
native,6,6,3.1141384094953537,16,0.005,64,0
C plugin,6,0,3.085169106721878,16,0.005,64,0
C plugin,6,1,3.0903929211199284,16,0.005,64,0
C plugin,6,2,3.148371970281005,16,0.005,64,0
C plugin,6,3,3.0747306533157825,16,0.005,64,0
C plugin,6,4,3.087310643866658,16,0.005,64,0
C plugin,6,5,3.0778793152421713,16,0.005,64,0
C plugin,6,6,3.063438316807151,16,0.005,64,0
Rust plugin,6,0,3.1134298238903284,16,0.005,64,0
Rust plugin,6,1,3.0806679986417294,16,0.005,64,0
Rust plugin,6,2,3.0823962558060884,16,0.005,64,0
Rust plugin,6,3,3.11254308745265,16,0.005,64,0
Rust plugin,6,4,3.139234436675906,16,0.005,64,0
Rust plugin,6,5,3.24456087872386,16,0.005,64,0
Rust plugin,6,6,3.0806787814944983,16,0.005,64,0
AOT Julia plugin,6,0,3.085331154987216,16,0.005,64,0
AOT Julia plugin,6,1,2.998644530773163,16,0.005,64,0
AOT Julia plugin,6,2,2.9494914300739765,16,0.005,64,0
AOT Julia plugin,6,3,3.0560637805610895,16,0.005,64,0
AOT Julia plugin,6,4,3.0786935295909643,16,0.005,64,0
AOT Julia plugin,6,5,3.125400058925152,16,0.005,64,0
AOT Julia plugin,6,6,3.0823232792317867,16,0.005,64,0
